Temperature,Stress,Strain,Phase_Transformation
82.32202558909871,296.4401353905788,0.08115184706218832,1
107.27840495586292,5.031847828046665,0.0476083985968232,0
90.41450641074658,237.91309792861136,0.05231559899920758,0
81.73247744953453,354.3851954705243,0.025052058641717858,1
63.548219900835704,21.9877160120453,0.060504301681047236,0
96.88411695999842,439.76074151186504,0.030290480866983507,1
65.63808168940388,260.04070831783656,0.05772840145429821,0
133.76595011731197,15.33052416285896,0.016967811557406988,0
144.5494140751544,112.2068059604201,0.01594690923411588,0
57.51622782386666,476.8378482136565,0.041702974119199356,0
118.75875571239969,291.15986652602766,0.042681951511054084,1
79.33423796293567,53.73628388440227,0.026810926491253908,0
85.20668416408985,143.77225114028076,0.013159685036669,0
138.83949574389916,228.3518129302421,0.003921053921389706,0
10.65540872968304,10.475034633865231,0.0025231827287816146,0
13.069394955231106,205.8077568068794,0.02715502900064757,0
3.0327596160488577,244.72931771734906,0.04618534421619372,0
124.8929768321907,121.8389376406161,0.0726243281306127,0
116.72351264247757,294.3195001459933,0.0474871700714009,1
130.50182223702288,376.6200597960884,0.09040508194352818,1
146.7927513349146,117.91711205281774,0.0035219804575407077,0
119.87378463250855,310.24995013999387,0.018066062154063433,1
69.22190433793978,319.81112148187077,0.03385144927701427,0
117.07937644296833,474.27015056442053,0.05774961880651225,1
17.741163880339982,389.1380836482219,0.08527361578939424,0
95.98815319912858,424.172634895003,0.03502019519565765,1
21.50299311135696,245.20995421813757,0.02679886825044201,0
141.7003375574376,92.67429348969142,0.006188916884289575,0
78.27724826251075,497.9076464798175,0.08213034776981042,1
62.19929099857854,64.67788051934981,0.0379666443206679,0
39.68334181569404,235.7286596771327,0.057155019541693435,0
116.1350534151325,34.0465496210533,0.09835554181712204,0
68.42254983248228,471.92542867540976,0.00015945706042945764,0
85.26509233029728,482.4624704242198,0.014545014069886598,1
2.8184700654532713,359.6945310019868,0.07791109940193555,0
92.64532456138156,174.99642181508446,0.08051274852078379,0
91.8143584083632,127.19120055881217,0.07692471190327554,0
92.54009953121354,132.6516622685237,0.05369988910428293,0
141.56221177719362,63.647012710037366,0.09788569810230562,0
102.27304486552251,262.90447653836145,0.03961845599953206,1
53.9261850860679,70.90863785073876,0.06019436981131124,0
65.55479306990122,158.36533327672814,0.006336900454884831,0
104.64467938908973,313.35323797955243,0.040985744990733874,1
9.033820744390475,363.7718047953749,0.0722500087509922,0
100.01500731685015,12.136352311030606,0.023873884077069932,0
100.59568044272392,215.05799218836995,0.09438275890731485,0
31.557384161076136,326.0622974210695,0.06867833676432891,0
19.338944648227997,426.6229880792564,0.028757538285757146,0
47.31425263862758,237.6623911060412,0.07689989227058563,0
54.55661564139339,484.6029358588426,0.00831647718081091,0
85.52951556268195,132.81627377072363,0.09747744225104565,0
65.79022701934805,6.75435331335944,0.004928525907355852,0
148.25607570888394,241.8764323508681,0.09334558911487184,0
15.30672161220421,128.05689751000898,0.02528538777482612,0
31.331513414225203,411.8588360115847,0.07578241076908905,0
24.196427682749437,116.38633609055604,7.369943310608918e-06,0
97.96624881980976,155.31460914565315,0.025424008917959973,0
37.99374038096732,395.61371550955613,0.074910060664972,0
69.94661592844594,357.57162601268,0.05323360708973223,0
36.66383880024041,279.02561832863125,0.011495214963711487,0
23.84543754682796,352.47403096137975,0.039362974583727534,0
16.55627117464577,209.31843178501325,0.03755493550845426,0
98.44943841979101,2.6550238073339005,0.05681622441809499,0
20.72744270229207,5.677564256096279,0.06679770724602178,0
29.487354252008025,255.61089378684332,0.084083024241225,0
55.30877559914462,41.64548985949962,0.04972313969773726,0
123.14898447719027,25.53774008462839,0.039202171730517016,0
14.56519136895919,482.7583195687367,0.01439765340953817,0
125.69173612482058,429.5013198290293,0.08048229649897223,1
14.41476118409446,76.01361360478475,0.071337040541456,0
146.46891975200936,0.3321092951022453,0.040867739745468534,0
70.29768024715524,470.8338976948782,0.051843230994266944,0
146.51416322855056,139.16264916005716,0.06651828444118889,0
90.7268279617569,92.94880142774875,0.01648055898475378,0
110.88953690974525,345.75405391576766,0.002719779440792025,1
5.878168838148101,54.4518694206631,0.031750369918668545,0
42.42104438646144,132.32479900140015,0.05955850196361631,0
18.029484181975334,487.5473401060232,0.048660609128145876,0
44.42102962832174,319.7313872370051,0.0692554626863127,0
17.809157843136607,260.33889574127676,0.08196898055745352,0
47.6974769090964,198.95930741746886,0.04884424667302759,0
62.1394491772005,387.250477442101,0.013426702371782485,0
9.622124452317655,70.47873826184686,0.08506279997989659,0
103.87081790550297,483.66890101849106,0.05749903272741144,1
84.99021813098628,430.5615040328933,0.07399374807828707,1
39.808423640916814,308.82849128462163,0.07046646536082916,0
78.48720802000496,21.453095201279083,0.09682117713312417,0
14.091076613766251,350.42782472386887,0.029530732233581394,0
86.39197433342689,456.6421704427404,0.07053067727792621,1
139.3944296364321,262.288533739313,0.03656763331259183,1
47.785342867698546,177.11241091363138,0.03954107209186417,0
100.11155699455226,60.138672489734816,0.02305946366587215,0
19.769679360658827,377.45055206878413,0.034401017565085394,0
107.44908061778483,442.5109256059031,0.09482967516582631,1
43.410913942080164,50.12587203792429,0.029257084694760096,0
27.478704301067523,379.492277376171,0.024599060595658674,0
87.97694022151248,8.530243129548754,0.0583137978473822,0
3.016131928124033,483.5274590386098,0.025803595674175464,0
124.34100438260447,307.5290103175481,0.047338572559429505,1
0.7043214288820598,276.2195294958166,0.0834176256556237,0
101.67248051943452,147.9749167944639,0.023040031430717558,0
40.501195978824725,464.6458357848917,0.04266914121839201,0
110.27910331838923,132.95281366839552,0.061048973502003195,0
144.32828176761572,414.0733066083475,0.05456289245734855,1
37.3129715279937,492.554339668566,0.09747232374152373,0
86.42360016267554,391.69832275740293,0.0680370254395195,1
88.80628969077586,259.4949601932159,0.07399462420484398,1
85.837785868631,33.03713192583596,0.09669559479667333,0
33.46224489609275,236.2068945855365,0.041443802522852104,0
142.91235172754776,219.12797348585178,0.03553798150610512,0
67.0688067926441,101.39802059349762,0.004386242976638255,0
126.96130087066918,211.79381835715222,0.018420430651882713,0
104.92189129762565,178.87894204016936,0.023718963205167587,0
44.61554262827005,81.84213057582423,0.01835044670713385,0
122.06967295537159,220.68707166624307,0.07547838931965645,0
59.47586112704769,131.39997816224454,0.05358829812761117,0
132.16547956667424,261.0312103411322,0.06676338014584673,1
87.1909308953788,17.58002985809709,0.08204621608393736,0
132.26030427822792,453.1157098936421,0.02307739412858947,1
103.87973851166488,408.18215275992804,0.032592393982149914,1
108.78814197294608,276.2906662552523,0.07083602670365968,1
75.19865728900534,425.90429137862156,0.03927589459044728,1
143.41254520848358,481.1975369054002,0.002927094010104414,1
96.59852988444561,55.261147026330285,0.043495521902687795,0
63.578257283726956,315.4159042049019,0.09082730864154143,0
90.95898211918865,498.9970004678293,0.04090215115928747,1
2.878979746400029,493.94458466676303,0.0332248916442747,0
45.2362225011824,301.6614961453723,0.09895250829450272,0
99.02603062390276,64.01043522540833,0.06444155642370132,0
43.51164108156661,291.5964154952641,0.03659980264711809,0
92.70231434982622,1.0323177872108569,0.010201953136380738,0
64.31530514186493,99.45566733342982,0.07878494449464213,0
20.321109633367534,478.06157977998,0.07080749334877577,0
44.74234889340462,165.22028630142194,0.09219157992485649,0
85.49473660518973,319.19505288847427,0.021727563002800834,1
88.63091418722598,140.42974731612134,0.011492434998823199,0
86.14878732743682,473.91094355579474,0.07240725264090636,1
97.98012297857005,364.2793649747434,0.020339584199869566,1
97.81549050025333,164.82557879070632,0.017610383778949613,0
64.71276531509609,395.8807105901854,0.03198073353960721,0
134.48198937765946,54.082762238168826,0.08168251414784378,0
55.13428050718448,196.1594700327297,0.05395366051096308,0
65.37973878984403,110.60906386579616,0.004585035510228097,0
133.7885032523508,341.8632236380231,0.04638946746593173,1
120.92909835691286,51.22314088596519,0.06839796113664752,0
105.58328753105495,198.51291614133703,0.05383684384690157,0
15.034033096845167,138.3248651045948,0.0572450218156556,0
137.92239206170103,253.17145966190208,0.022477732839266462,1
107.1361949323667,174.94884025193946,0.08477393315953481,0
149.82705098517997,353.2052888335055,0.05613987175911242,1
22.417245698699062,12.288512153483033,0.07132460130406766,0
130.21890860523214,316.99346065295373,0.09818642170133025,1
24.37394020145622,115.28564484691,0.04281986576745322,0
92.33393464257662,134.35451437842465,0.08810666126765086,0
18.572997427416226,400.1278017917618,0.0007281013941125014,0
127.20123439833516,477.78419699021043,0.00334072926151201,1
121.0978438087516,158.2751050135433,0.059027992172881696,0
85.365110792189,413.40263518453787,0.031144939554220066,1
61.07749458389995,51.995418985616546,0.024827656701970027,0
10.375049318270706,316.9908265036916,0.027793535720895858,0
104.61431597168455,375.5161497674594,0.03184029346105876,1
68.03140240171032,77.98896401722827,0.0728947696143423,0
108.30833992055219,213.00119383478028,0.056919597223094455,0
129.95734888929437,446.3535821244908,0.07890359725593335,1
146.32822575043286,51.78923172418609,0.08301965798350519,0
128.37050135889166,9.048179100737574,0.08429348593012821,0
1.7571126277502958,295.2926895239669,0.04146441491748876,0
53.99670967175459,217.76577026546673,0.042127339631641086,0
109.4985843636087,399.34462444195134,0.0926265880140584,1
25.744451589216077,461.72776910205334,0.06617635946044105,0
78.1554909306194,149.57682227190804,0.008046718397913877,0
8.150698250888045,194.20205858455265,0.054218695409246835,0
29.999478734460013,243.13604316465742,0.0356007259634907,0
2.7782691690920958,294.07573021764966,0.09874349897163631,0
119.05465550361309,491.92691484080837,0.0013655406462292575,1
33.588703209057016,348.6651254150258,0.0612180873070558,0
51.80275210453541,194.7742536727844,0.07236230943988581,0
139.21219401983862,131.88384322523106,0.028890677135735524,0
105.66216028852992,472.312859211062,0.09736415182565322,1
4.775839429696177,67.7742165542532,0.08595366270217114,0
24.704123474686913,360.13292625237904,0.09156528409858125,0
93.22176022496453,462.69751264622033,0.0019232059351548482,1
86.58428829062514,332.3327932672193,0.056987215131480896,1
35.683923206176296,211.52722008306057,0.029465024195454673,0
140.13209968871905,99.495469962742,0.0849028634935663,0
92.0948933948844,183.73766112596363,0.06328496569149625,0
80.34492045374374,353.43590471006104,0.053887700432110976,1
88.48649645318565,324.7671120876484,0.01145881696756057,1
109.51830442751545,463.988083299179,0.05402228047861908,1
46.79174932194028,433.43045682968744,0.06319041463564266,0
59.733159332413784,408.0753761331842,0.09559123093102045,0
31.476562346268324,455.72543767538116,0.05850510104238696,0
27.928950882050422,138.1685763685247,0.09674006017456545,0
141.65585849759003,184.76177006982476,0.09616061156066621,0
110.93261925739313,189.9469518930087,0.06502003358335975,0
73.56882129263506,280.22529435489014,0.05059079841180887,0
34.112194195998484,334.1091147713855,0.04660217438260494,0
38.15347226555894,143.35834152019717,0.08903785611157827,0
8.704374048581343,9.731233654650174,0.0028256682971756764,0
65.16249383371812,199.61119182895465,0.011380819802357157,0
46.769382299115385,154.26397977720023,0.010207172911915186,0
104.45152332231892,471.09235950902394,0.07569353251210548,1
56.66277589387214,444.1325202720218,0.03396510238525348,0
26.94055163394522,430.1553391717098,0.0637968544740701,0
3.7018092586996842,326.4998804726215,0.060378290384256565,0
10.087444719487287,172.14458234946943,0.03858279697425317,0
101.9089160247851,274.42463369965236,0.05315677222423986,1
68.05452668340679,407.6125203581864,0.06451385335716601,0
80.48688166630834,49.305184361405516,0.09409503298781384,0
134.50069395605132,400.53744012765236,0.05756340728609815,1
148.55084210950565,20.58989566406083,0.06143675117683143,0
32.53454765977109,408.21051560717785,0.006785581770377547,0
99.46173046501512,403.78190207993674,0.0952215814760112,1
39.4983565105726,25.50365441437791,0.052808192790938624,0
3.097649919859302,313.5803557309291,0.0801273419859922,0
113.75679807542122,251.22653715644861,0.005029106314738907,1
48.00257262337018,84.90975158585734,0.042091013573709105,0
57.5195841257847,74.18946883868782,0.02569754591527016,0
88.24756703304085,386.6295630335116,0.026697589868858996,1
124.65726828542856,283.84637441842204,0.07914537299609295,1
94.3472765386723,491.49956745826626,0.06238667252688536,1
130.8975983171093,491.12388864417204,0.04397453118428481,1
41.03130522234537,496.3334967321332,0.0010585739586393417,0
119.70702508688456,59.30775918288295,0.09649279429455299,0
27.845391645892832,469.12806848198113,0.09620232533557238,0
142.9187485457917,122.2848045102814,0.021755221028003847,0
103.12324145817229,229.106129879306,0.0041346372316556695,0
32.32615156703377,378.70327791086294,0.05301993630119022,0
142.10558857333865,101.81046603861598,0.09514108146164076,0
109.62837101552367,283.155802777165,0.0910395845764935,1
38.091246389253875,92.90837411299785,0.058466286388939664,0
31.996796605122295,52.36805334064665,0.03035488506537072,0
77.73010708959949,58.27930621479926,0.0329960883769196,0
3.8494077081797364,178.8195174241094,0.08979135514860276,0
31.12051131616641,2.3274184185917424,0.049178403563557696,0
63.70282031272594,212.42696060084475,0.01311162289671456,0
56.12549705013383,332.09855254057453,0.024842547597360733,0
69.53631365472161,200.84409250199437,0.02767949014674991,0
41.64430594420978,42.89730025991756,0.012354668493190935,0
88.01765196872532,31.344431011820273,0.04630443815212914,0
129.57834088848472,139.05825638243087,0.09160509082749911,0
17.629778394304964,84.65634527180038,0.0668782542992261,0
77.60686607311713,482.54748660898474,0.007247392424885613,1
19.810215951772996,75.6151124870425,0.0005494817809162722,0
107.52895217888906,402.73121870249827,0.027624766746925433,1
59.40895542109406,293.0539708705724,0.03626929347939404,0
84.81319677877634,284.6434599921472,0.07767496690467758,1
27.491975432111794,256.0403579618923,0.09670055239303667,0
21.727163901506586,485.88153805697556,0.03875671734235436,0
73.20844209734318,181.9223875458189,0.06866900298168611,0
53.341910677493345,393.9578754769381,0.09949019073529633,0
141.06479178792196,277.6470537334798,0.07456665838750144,1
114.79878807104478,197.81683381286308,0.06361895490858445,0
112.29954297758209,477.73296665289047,0.007807485417830429,1
135.55796096189002,299.15798468234357,0.03232152011947303,1
12.513365316302782,59.45847107300678,0.0913392158457157,0
82.82887048836099,208.7696004984283,0.020100548168090572,0
87.67141034336532,390.7908638408038,0.08435903592732082,1
144.29045678208436,346.8735116196069,0.06963236850805055,1
43.82212901888233,458.1701649182871,0.03663243708307547,0
36.12431698731702,129.6886920707601,0.05291742697126566,0
15.044091339824671,379.0968581769119,0.05428064687528136,0
2.464444438721131,229.93760369726047,0.07140537850738864,0
139.42939751882858,286.80487348340773,0.051655594109919614,1
100.4874819886365,477.52334050314147,0.013307599018416627,1
117.77293680347066,489.6431599945887,0.07734546715219126,1
42.25951586309236,430.79548196278176,0.04062724969061188,0
87.961524927949,179.54854386514813,0.09630938902119274,0
9.59328991814717,443.8504178636599,0.028351378229303437,0
72.84413939019343,319.3045888207065,0.026307878029658463,0
146.624270961667,214.99839023535654,0.033350739567518266,0
131.4757867974886,17.87134125024187,0.05723170159586255,0
50.72384277552685,385.0640620957911,0.08948697402009824,0
144.23552318122478,251.05279036205653,0.01762816401400148,1
34.755243970680674,393.0942497325304,0.027967879759922022,0
142.39782336235223,374.01139967163493,0.05816798431478618,1
141.20665570597478,396.78368402417595,0.04543342421615151,1
119.88038810285876,150.32557934838343,0.044732288725572535,0
94.56719053001866,400.39929953381545,0.08207342620964066,1
131.14319499374204,274.42316423308364,0.09238783025113612,1
43.95304267616951,236.6631002245716,0.04813069660698819,0
127.34153329693773,337.5629569103785,0.06873517954472738,1
92.68150378762857,10.679341469174153,0.0801058711027394,0
1.9855286638349234,51.158407943797116,0.051836641038716394,0
52.085027689832934,146.088682583761,0.029431640895373534,0
22.221129142224754,491.4950549789198,0.06380845977222838,0
147.27440847273797,69.87288943247749,0.05851091003060593,0
71.75554605599821,165.29815037960515,0.09015628197396104,0
74.6087048247994,25.526532345961805,0.005240703676985603,0
95.92087745980854,165.63444014636315,0.09101313871334668,0
55.287690919442625,160.1631432554158,0.053443202816535966,0
20.53504075283984,473.40358547226106,0.0015676116049913925,0
123.31765997913683,422.5770434978602,0.03447021787677881,1
28.477186785413693,191.38210962138575,0.07243335638753198,0
76.6978473819684,12.384529019624335,0.0488433087935833,0
33.64755434621089,415.5155569976891,0.09801590374409924,0
14.676672674105106,330.2680885722701,0.04226100738310486,0
129.3287276132525,76.18224182565486,0.03266352296260078,0
145.93792335346956,498.03563550509364,0.08216719344295681,1
144.12519870945002,50.11671871206153,0.054790669935803143,0
135.98332488317683,433.5572707968314,0.06823265790625589,1
116.10709990479582,147.1330820648445,0.08057023380386776,0
49.971772804296286,217.67673316257853,0.06714275461256203,0
12.165208498199515,397.7282633881573,0.04224074947686646,0
61.0861757120711,338.7541779970051,0.012479644789430068,0
34.83512132564141,468.9321872220196,0.05802481665713005,0
19.873145213697445,310.5701627301916,0.08974333267292596,0
8.01407726802379,48.905080739526376,0.0418892426518415,0
108.83915463158681,442.1801816209752,0.09107252348428406,1
1.7141187937546543,384.57776249429554,0.0503527819782402,0
115.58711227541643,355.935225446661,0.06208415624424766,1
22.041996810056258,26.866773676867684,0.08329884760556429,0
11.928312388013362,198.111372330872,0.05645971096407215,0
13.440455135790808,83.71790972976962,0.00909693392955635,0
100.80717110308717,410.95195420393446,0.09809794008003953,1
36.80508147792671,350.2643114089314,0.024584930191283372,0
63.080920002014764,441.53879865956765,0.07105053286301986,0
83.60531869858754,483.287553462082,0.050511343861773875,1
129.08267607431907,387.3738070962493,0.04787726368177081,1
109.05663940669925,497.11654161038103,0.024394081886689147,1
40.5491857858072,307.38494307214944,0.0722150765700104,0
19.72241989366914,18.564801945723907,0.011278826483098726,0
8.306148063179691,7.12575757514794,0.09904533093614853,0
45.23979517214137,171.05193760189437,0.0845373537107204,0
39.31772238595174,411.7358595337686,0.05345089400057921,0
68.42108502007194,433.0673531623655,0.04245529560580095,0
102.49220033215207,480.40626441133895,0.028646463245986766,1
104.34381684582858,32.5607342744092,0.050159147094076754,0
42.52782698732499,22.285555493832042,0.0879417462024168,0
56.98904338501807,456.64179818351687,0.02750064007006836,0
27.172644260535456,152.5233491814308,0.050053745880313597,0
118.2818268459778,278.99370030481634,0.023454990206703087,1
8.527211464986046,491.22244150035493,0.03371491136649515,0
104.5495862587481,200.22426736796166,0.019026050892333248,0
116.8043093911655,332.9356991549199,0.09905391939211879,1
116.61113427731297,200.43978181599266,0.05714974464624556,0
38.91338465180324,384.0973322313899,0.07328151240366955,0
56.07197068988422,263.85736278643293,0.009824991345203671,0
88.13994527945836,118.76156899317486,0.03661175500743158,0
40.923285363670054,135.65305062923312,0.08926398030473215,0
55.62791988268331,129.0296062692036,0.008443832642394788,0
29.558142027845946,266.1601641292804,0.016548322833961317,0
68.97838256340111,351.59450800783213,0.06254176103511687,0
6.691845188117113,474.63995002157105,0.06227889941042252,0
119.9693826855927,347.04368754148993,0.08382270444539297,1
11.543467047994909,390.5964219811953,0.09354927638714215,0
77.8252723247289,84.46305793228281,0.014198647542526378,0
46.021514931779414,187.03131250366283,0.025937381852699948,0
86.63144232470631,206.89010992913305,0.04274614056932559,0
143.91500112501376,343.1901150002365,9.032855212496305e-05,1
96.83553666840058,147.9459881884368,0.006981430295969493,0
5.304365363323638,151.64596070983305,0.022649127794102164,0
64.56036592620919,177.94457732043406,0.04811019640158118,0
76.50252784773754,405.1510407716161,0.025152273816861283,1
80.4266242055178,288.79504502167435,0.08766818922230481,1
102.20887659057568,37.63863991636723,0.032427287554201115,0
41.63941465976491,39.123049845234405,0.09246228121426286,0
19.32908481994803,185.64347214124965,0.09747872607347101,0
58.90135148206415,383.29552530307916,0.04498615339075788,0
143.4608584193923,344.34171323934027,0.022712881689932365,1
28.06963376262671,353.9911773255933,0.02916661334230033,0
135.59759323923555,383.6050330270485,0.07763336816594463,1
81.57089251159896,143.57635644316468,0.027334970779259105,0
68.53671324686488,274.128140971044,0.03805828679202847,0
132.30621153448342,271.6763201583848,0.04785758584818498,1
68.79059426528788,369.81625058997463,0.05751111164699842,0
108.62514549173149,478.4352845528232,0.09961004403012381,1
59.8537982554653,138.99497239773297,0.023220975516359234,0
135.60665893514366,396.6408363785241,0.03534237032481689,1
103.5037530286841,329.9852742616312,0.026289117701051103,1
104.9433081375775,290.11893543173005,0.036111343664371034,1
49.15806023356784,387.439889673701,0.010080451689462056,0
113.51679641053339,472.0162332140497,0.03598097672410472,1
95.4091583170712,18.345708934706494,0.08878650314643885,0
36.00304100695643,73.70005125661034,0.029858984784644906,0
24.080823372788462,378.1436157505579,0.03719347798490689,0
119.45872117759976,41.89567645504228,0.09444741644379347,0
143.87499045528338,258.0618503705465,0.07283789963268682,1
68.72082408900643,109.93038832080349,0.051673871481804835,0
88.64762479855274,137.14785192137575,0.07771927284034406,0
128.65839662903318,350.92024147220815,0.012317964885450394,1
68.58351800307855,15.096386634355808,0.046449035322084234,0
142.78117152491043,436.6597139509518,0.01182361287358663,1
86.36267430673087,222.239477676135,0.023361814501958,0
123.11506810519724,251.19664695355053,0.01418672597402586,1
136.32655776191075,270.02398184684597,0.036180123916913935,1
122.32857281528533,322.77214728974695,0.03816393203959259,1
23.91216951734339,172.42829331137403,0.0947308581833241,0
94.33476585925506,50.55374528174566,0.026412573118752926,0
59.76513879295156,159.18946833308829,0.04724288453165169,0
9.406942803501856,84.07105901141016,0.08113794039634868,0
63.60483778347629,278.06658972523695,0.08156175864366617,0
38.802610033411156,159.01431548019323,0.07503431870350202,0
127.35574626427662,479.0335889967174,0.028783376214007297,1
4.995693982004429,482.86713899014035,0.04949716194113571,0
143.84740827952103,310.0629402841207,0.018621159518672326,1
53.30532727078944,308.748633833643,0.018839952278280427,0
53.50603356038143,492.689282283553,0.043584121313831097,0
2.4492754025561836,443.641575617593,0.07385922212429412,0
27.78484878542759,382.53497457906997,0.05265842599978379,0
60.188925120541306,156.7953058713506,0.08866832208474523,0
139.3937125954071,182.7695140590382,0.08309087977775759,0
14.9422395331907,100.63338288043272,0.003160544282040556,0
141.79523002186193,243.5740634586873,0.05684190428662161,0
130.42327958199482,495.1842610697898,0.060916126435564315,1
68.12435953613277,456.07547650579437,0.09615751443000815,0
49.00513226523901,59.174717009734536,0.002323662670886173,0
34.91161939185853,12.595144645253075,0.05311037709686289,0
92.16970597153116,449.3188342041331,0.02047813619358524,1
4.961188721325843,268.5850639743537,0.00536629062915891,0
2.340909667024232,100.09494410422809,0.05874885247317233,0
64.31935837473567,336.8266347923177,0.07726041436328025,0
10.21111109620803,322.11158896490997,0.07748654492251879,0
37.79114823691393,61.042803418233596,0.0030288410155906776,0
33.17413730191257,129.80011674880976,0.04069464002715894,0
37.97867905842779,30.03898215662898,0.00445096271486205,0
19.658284682288663,104.93023693507098,0.024783864699076976,0
1.8054334346481404,66.15283742653145,0.019288070275794836,0
17.322644570812212,96.61814623727804,0.021518257924215724,0
92.77203892691219,342.7335729565585,0.03391184140345286,1
146.13843192270755,24.749872130533866,0.027741804183599828,0
148.5517502341341,50.927307624108245,0.09622799113275983,0
61.35811430595924,67.08681903914382,0.035240712000938215,0
24.443163906990804,158.270560479067,0.08941725152929719,0
95.81426360497939,149.37515542597046,0.01810416715209251,0
73.54580198231056,127.5318926583197,0.07637468671882143,0
148.4114665926647,375.26832671620815,0.006134553602464277,1
9.79563107276703,499.0113938790503,0.04627612294693413,0
117.48516574707197,266.9889618143979,0.0005510440235525938,1
43.25977459972409,472.101358956971,0.08102907630694361,0
36.2127930114861,198.30505606303234,0.0950486036037784,0
99.37568572990139,53.34122340135672,0.003510737082714566,0
36.90947774864467,204.38691473491866,0.09338463614733145,0
99.87886763387816,148.06388670734665,0.0773853891491353,0
77.59627758034331,246.70348114458906,0.03588615787927953,0
63.6133482653774,328.5218384582116,0.09088765512228053,0
83.20317129921284,230.5251095762041,0.029625727125090096,0
43.05772798794446,467.5802560389128,0.0409295312234762,0
105.98620594094683,442.38241114969,0.009671126219202165,1
62.22853040003461,350.9887975830986,0.06569389619001441,0
54.08183407288384,244.84245618227456,0.002960082874227188,0
124.29853718336066,65.84364090722843,0.04849052751990373,0
138.74503679297882,198.5068333888167,0.06831918502525339,0
6.901096633094539,352.2007697005868,0.0821237600949111,0
34.894048924464826,142.44276027686558,0.014994138962166215,0
52.277905423884484,51.994038771710215,0.07540903662487175,0
122.2449719055371,453.9492287553141,0.07190770235550296,1
147.82371414649464,354.52540490777227,0.05595705341197842,1
145.34575570055276,307.6382133175486,0.05846445977878641,1
135.74225183248902,396.24945280445826,0.009127072085677812,1
44.48343975960448,417.8230187917378,0.06004710432403803,0
148.8016865121711,241.72949908551166,0.03815222070708323,0
37.41300615846768,440.59412570472,0.0867580851341647,0
15.88592323233483,458.2095053505527,0.031309888173599025,0
142.6428916583091,135.7755477123907,0.05765950773635247,0
35.01303832021445,303.7726798953971,0.04265713997011944,0
103.46523976166257,263.2920144102346,0.08762619382503131,1
8.753453847088299,268.9728895759512,0.025391666698918902,0
109.60636486912142,468.831546982281,0.007880236030946041,1
132.25803185007595,152.59435134651451,0.07486557209831396,0
40.86553431989437,491.7169891172881,0.04128966169083215,0
56.85853441161428,451.06560740211603,0.058909835912629153,0
56.14442749813741,229.3614443067513,0.002638933171335112,0
112.31823863101997,408.7266318090831,0.0952109791397402,1
35.671086380855826,384.5234971600703,0.08776183773849766,0
25.77796485714645,338.94748480926063,0.06238679005772775,0
67.39374730316071,159.91694469157713,0.0017029842112618043,0
45.67026110659793,98.22549591047697,0.03779764739828766,0
125.87836833879786,335.7638483828791,0.0978796537742149,1
35.66127390234581,421.4866482005421,0.06813303587402346,0
75.35841862338921,8.12639433868484,0.016098786131341913,0
141.38753995468954,321.401687654256,0.04605967486545007,1
95.0996546616991,221.4365123111062,0.0966737743843486,0
130.09341081936972,449.0438775634918,0.05347081744165934,1
141.0314534032151,160.73646542710262,0.002461452802982456,0
112.6147292829528,237.09240613181086,0.061977208427597776,0
104.9362590337127,257.38355201759316,0.027121653093115983,1
145.19483499063406,70.2197606855265,0.009884595187690437,0
149.16011844715192,356.4461513494532,0.040290844473189306,1
67.77325240046395,415.23817256047977,0.055852309743224485,0
10.630466727631255,28.954638448130122,0.0017040718047802716,0
43.919104716077825,145.69441026845138,0.05590468086359475,0
22.85320585315957,19.022340767528956,0.05112031468396375,0
62.62295621940177,478.27205234412116,0.07939083830987602,0
19.693399270988404,333.5844103519118,0.04235498168153972,0
90.6176706031323,482.10020972739073,0.055345042966988625,1
57.42120887367811,265.7471391656539,0.07420093040571263,0
134.3078826432315,401.03426194780695,0.08971458717819455,1
145.16920076977527,187.20699193987,0.038003457602368756,0
82.03273525041332,176.90951628632047,0.06016334957831465,0
41.22353548013949,189.13390855256634,0.06946109034163818,0
88.83456281427551,328.9310668632141,0.004327067644219618,1
134.51417373366147,179.7265755108261,0.08007605084861348,0
61.01000187536224,450.1837258021128,0.037743018521539384,0
82.81174150379563,491.63743252507766,0.06702389414436098,1
40.74791514092188,15.213257668502955,0.047166406620494906,0
68.31662241750405,96.81164520124824,0.07023391426917074,0
60.2570303069398,56.124996293692995,0.0724330979235779,0
37.262019762445654,21.182023545721627,0.019157101348646732,0
75.87995757379625,113.87049667364325,0.06621742342864505,0
46.55712389697172,223.39666018454056,0.08513234378820872,0
55.95522958211212,418.49518264434187,0.023556720050497484,0
78.74556633813964,110.91201525499805,0.07581834698938779,0
112.58925343934813,246.97262783110062,0.06338251131552236,0
50.026119868691296,464.80936972337724,0.09551260344725639,0
138.62381499311454,333.60735339333746,0.026024657729176084,1
129.34778202538536,399.03950987799874,0.015427777765800356,1
7.303544396329281,275.4969850927431,0.03121210152816999,0
38.046378638523414,490.233229420315,0.025795877819791868,0
66.92032689888029,294.3310773407371,0.0756832760473513,0
15.694183311371113,22.755356981295773,0.07331093038467983,0
52.27139835502456,98.99139996989742,0.06696849008553339,0
111.01462884265237,202.386814478574,0.02163791144584878,0
102.07717217142388,300.63858628688814,0.08618068074390897,1
93.35766428490072,385.96543370447995,0.09565715558589277,1
106.57926040835184,206.54306295194314,0.05316058181086445,0
30.738553043955264,355.02915250784434,0.06493727306293859,0
51.25471722970982,394.93475155456247,0.05006920990205621,0
101.43637234161943,158.63009862499138,0.028355771510260388,0
131.88521445469905,489.6351200179093,0.028614760399660422,1
81.55170807421428,324.8282476179178,0.031342052273491315,1
42.40494764183049,440.4990303930656,0.0190850004164154,0
4.535288700897389,277.96884440430335,0.09019236326293177,0
106.55052434613201,370.80155357616184,0.08583981340466859,1
1.1826155262660565,385.27203080818265,0.04616393613188368,0
55.90186047314933,454.1241896172895,0.03672514125601705,0
79.58058218441727,75.17487843568516,0.09390783565470986,0
138.31671926507894,279.14171208462426,0.022237346923281012,1
13.424181754935017,214.18925655292813,0.05535419594668017,0
60.89134829524256,461.57951058687013,0.005449815554216264,0
3.646979956523666,52.5473471244996,0.019120219701744903,0
51.39164765123855,491.2869443404564,0.060402693335950976,0
93.33465882596924,437.72566204664815,0.06621836528441698,1
41.860192234289755,36.913140782124266,0.058099581867323974,0
31.462492448345262,245.48319277023722,0.08696014159992899,0
17.355484999064046,358.77975010626295,0.0993405220822747,0
86.57103660305127,369.0757728455282,0.07638618421529113,1
104.2905008857029,453.2470626189604,0.046509178414375886,1
100.79357108937336,399.9327177911555,0.08339346694541028,1
142.3291531080761,155.46519017204474,0.012038739416600164,0
0.40548208402540475,249.2173929312262,0.06832706964459298,0
97.07949808410541,350.892881467927,0.051833778745343395,1
90.05883556464593,69.2184206821757,0.01780658862557184,0
88.31094149554323,96.99539880009867,0.0972933617280214,0
144.41554797603635,240.5212240549363,0.03384374197787476,0
2.5307510055059543,149.12289935275635,0.06154234059633834,0
104.47236460521752,431.2796248920475,0.08785942375249521,1
122.05179745527951,293.138660760309,0.050668884391482066,1
76.47107949323762,174.33259885918383,0.011513785017643186,0
50.09473043952137,424.41651280220503,0.081873908434729,0
118.62602448411074,402.4392242771194,0.03532137670588005,1
14.586438844863697,499.17743854963476,0.09830668688918388,0
66.3053456594888,423.65384416686743,0.08838254464445582,0
77.99285618562573,207.22826740283983,0.08534493333489573,0
104.09346164018213,63.749440884994236,0.035625317753789944,0
13.632859804861418,420.3204541002389,0.07571297778090658,0
34.16392523067914,29.87895898019699,0.09863290630015889,0
61.54523440351885,175.1356036724271,0.052632161195133136,0
93.4942009530196,459.8689903856369,0.04707321549552316,1
133.04411718261264,480.38323672255035,0.001466582097207081,1
92.82392523620648,320.2822967606092,0.07002037687349363,1
20.019220640240164,344.3241584918568,0.08584775686018542,0
147.08701991809235,21.227244362761244,0.024745718608183,0
130.76786021332393,257.24017054477395,0.03150245771146568,1
75.4081141717986,273.4340894031706,0.050067702132615646,1
138.35219726949495,170.05037306205557,0.0072080157361516855,0
81.20711906357036,34.29841737694217,0.0089642476098737,0
138.49591018337446,114.453799862197,0.04211107588880808,0
124.48460529050148,178.99196843059818,0.026121895270342168,0
145.2429615441446,217.5709932581648,0.04060373025327685,0
137.96742161672375,295.4633627667846,0.0454386298099938,1
5.405072614285422,361.1957593491182,0.09762733967391182,0
26.215800624140996,158.81593663697308,0.09442598201028374,0
58.370201565177865,164.47687995949155,0.01397301515397661,0
142.82140459431312,9.845821361851858,0.08825859737322465,0
45.004337921389435,20.43743004700915,0.008020666233007857,0
24.070146583140158,128.9108471542682,0.05076354697177541,0
132.945699912984,370.1224988374783,0.016390990010976537,1
66.95916232248044,314.1569151869561,0.03658921453569341,0
136.1813391531489,384.89451033891737,0.07433402256486647,1
24.03456994802149,384.4597181074109,0.04245054793568499,0
99.16762672621492,428.2837338346506,0.08069512875713337,1
66.03956292442378,360.1596329934418,0.07188157110375419,0
11.47301535454281,489.5054595004114,0.09428394462110162,0
104.4694716978751,449.4126096509087,0.05341560205858773,1
37.10981333087305,293.3585831116171,0.08021479539877953,0
5.942328386927659,294.0788352455859,0.03229071063370519,0
8.991644737435989,17.133520176114747,0.03457458450898646,0
9.161780560018101,499.2632888541771,0.040051046358150544,0
136.15994362275592,65.7879986830709,0.0410915734298089,0
110.98258767436515,370.17359831579597,0.010325322066597455,1
134.70935358206026,410.50759756215444,0.05190989393318636,1
100.8873466944782,186.52726465260162,0.009680321926902559,0
79.34098935463247,98.42602733265687,0.08897621358197641,0
45.66695465210674,49.379943395277515,0.006184478322329313,0
149.69433769930103,374.3030029147889,0.04496944303093088,1
54.3283588409084,226.32676460284785,0.02846940663904305,0
70.59734238208642,356.8588795005678,0.01548694156544791,0
56.73677623851926,457.7038244259003,0.07838366908422123,0
146.9290394003188,73.29186807552834,0.07149323989195257,0
26.198757809250868,459.58550036189985,0.01459478901815131,0
49.19820013621195,205.81322975421836,0.06327656411063103,0
102.05229990225023,152.63350494864451,0.07925551673304461,0
9.481142750794596,471.53113030138957,0.0773332220369887,0
91.08740610173115,495.3258463031997,0.009227959766336159,1
71.64697543146241,99.44610888372407,0.06855127190457763,0
42.599996514315166,328.41917347599167,0.07160239208835771,0
35.7619921386087,53.24765688553018,0.08621662670420273,0
77.17691149481351,325.4570019287529,0.05080443388649867,1
55.1891370805562,413.65661388792483,0.046109400030335736,0
68.4779836893983,342.2492732620338,0.096511632491947,0
50.62160726463599,208.66657103129788,0.07965122557387536,0
145.57405403939663,191.53317978188477,0.05587309908064891,0
20.0159147618406,196.56120761170854,0.03306170713112795,0
14.52059297675613,294.8559089964616,0.08452379960035107,0
51.50875931863741,440.7836350362478,0.04554363894644047,0
88.65403513057369,464.5330786343839,0.009268519215816062,1
98.87647077750424,26.764810103659052,0.04549042727134398,0
59.58851207520631,90.81119732284415,0.08719683961501463,0
149.89169908832565,56.112157914144255,0.04482821468944455,0
52.78394942895639,96.667320383457,0.001434914774035012,0
108.21100019399287,173.3039053045859,0.06114853239164696,0
95.63740417961893,253.2658413113119,0.09958300034113987,1
121.9580794871191,314.73061350457607,0.08172485840405119,1
146.433849518073,366.0711095698507,0.061723794661814796,1
133.46904846683103,445.05577069290354,0.0914398886797885,1
114.68429615365629,494.5442186148954,0.0813581681651062,1
104.73727167274359,331.4282392785599,0.04986393527400405,1
50.32472545138494,422.68225933388146,0.059122028540738183,0
22.152836731006104,389.0194234623495,0.07312928092030199,0
9.395400458971464,153.766019609356,0.08464261639788648,0
36.28525563022272,437.84613511746153,0.00581764023767114,0
64.84222217719478,21.381568973899423,0.07748038571611511,0
78.29944104449737,0.18367187572893018,0.0447503439978202,0
115.96253310823074,136.8663146942321,0.06607985603015408,0
143.81113845848895,231.04876481372494,0.076463301095885,0
17.59807205772165,319.18144750033866,0.05395019250274483,0
16.050621029068736,50.8851332722724,0.015851485058039905,0
88.45420845203262,336.50506691742,0.04095268315182661,1
111.80971109209395,400.9079335298473,0.007687299375237978,1
127.22255705204773,92.6564597896834,0.06893006911552639,0
140.3748120325183,207.56262741589694,0.09537061819630835,0
147.5139363390963,259.9924949766549,0.0795252812224187,1
59.97025383367888,225.90350904224033,0.038978642278711874,0
57.05027752913597,399.91496544423535,0.058429149600549436,0
22.171301504590858,480.2611990596654,0.03042006758468692,0
102.74016580253391,399.47658200408995,0.054104559955496505,1
98.51429376612556,38.996408937912285,0.030072690578464026,0
129.3093893776811,402.46778607956355,0.073832475679861,1
14.588699218146095,33.29816611777559,0.02593415079870255,0
74.66653617380126,117.985192620785,0.09640203904338945,0
87.16228945080945,76.54844841786141,0.06619487321735315,0
36.23355600598776,98.75955342304272,0.006877784768384377,0
25.353810919374194,264.1575635286753,0.001077776350569315,0
128.93712546294321,335.84492880542683,0.09970463442051004,1
8.780238335333818,235.1606411680205,0.022050557821579355,0
70.59313558771093,479.8478195146218,0.03125627484571776,0
17.37510019513279,120.14616001508332,0.020841401420210837,0
68.5588141997051,381.5701151273965,0.09281017724711824,0
146.99434895134638,435.09108925357424,0.06520128596686141,1
63.55595301832092,281.0330553773596,0.05043863235561108,0
128.5687376256851,228.11125098077656,0.05576508144925704,0
17.597334627479082,298.09222338962184,0.03178728472991873,0
40.68781151427962,214.40488508017148,0.06141750023638414,0
60.56891110010017,277.5969411616847,0.041960036345493196,0
59.97182100139961,208.4669760644008,0.01992281464241792,0
100.70752180052297,200.234855147067,0.06566050997098814,0
51.70771910632615,347.67323406976493,0.03738405692592121,0
107.06503026150246,46.425606533983974,0.07850663791171617,0
95.87803488380888,83.2710363644104,0.041539495750952705,0
59.87417178821596,425.599235857502,0.05082713750461964,0
64.7640191481479,385.538673407594,0.07874664791808964,0
92.17915497154812,140.7268636471969,0.04478780929197312,0
10.506328521696695,188.63446633288012,0.09662211351241645,0
123.36101075335355,463.0132533142403,0.07930286671951117,1
98.01317416704553,409.03861258693064,0.08264304053149786,1
108.95136966267529,307.17314998981544,0.09539204667037277,1
80.53845016235857,110.74508940147886,0.03888506288432075,0
16.57156664876171,22.125985657634793,0.05800802641821709,0
60.75534199454249,215.6289234209491,0.06935917407956035,0
60.806037427283414,336.31356962873093,0.06734584835406308,0
48.15644850648253,414.24024525892577,0.09529367945610195,0
4.492548735712404,426.3445028711347,0.028834863387833455,0
110.5881363894716,16.38795064668169,0.0291361528625992,0
16.467668709375104,122.07851691843969,0.09180044020391467,0
90.94621995676277,169.5472942387015,0.07993056417265597,0
105.48262447008237,94.36610547969293,0.020335662406959776,0
95.21794844005422,401.4876891819189,0.05700468780927677,1
143.87133779669625,383.73288154247126,0.07457637340963283,1
15.494723262770794,258.4165201904854,0.035303639044750916,0
130.07507386577987,491.46323899792776,0.04343822512213901,1
4.378535227336988,72.02927054542113,0.0575396611660893,0
80.2375282390626,449.82585166383444,0.04671085575482106,1
60.63654269088882,58.231627080958084,0.07530423900690329,0
78.62757905906373,81.59085275706035,0.0005938753683069731,0
54.76498155900147,348.1096001253094,0.04346325243910505,0
28.58503724101021,54.784846020844654,0.03375813753288716,0
2.8684346173034667,282.92254770935546,0.06091640528298269,0
77.72247206867614,210.1167682363268,0.07759584418813598,0
126.41652940272634,364.23698277050744,0.0076145162201530225,1
55.982393361719126,450.3376194044326,0.01580597336011924,0
33.429572702247036,384.9357573345277,0.06650816241420333,0
12.079800520776612,424.84493821059414,0.0738402441015417,0
12.796638467805504,16.47272426561619,0.05882017770788354,0
33.209466943915835,155.09774912210156,0.09828033489679265,0
15.002109138233276,257.71654334316617,0.04994614891065746,0
39.75595475467231,207.97665731488974,0.01362923350976436,0
9.922419317543207,115.62747648984423,0.068629106037108,0
9.840730081488847,153.93704898001164,0.060207552219479814,0
128.4414269434173,472.71548519580284,0.059042147503026346,1
24.318039106324985,147.0904399356758,0.05458536352463982,0
83.9523608735172,176.95205508989287,0.09390957095495389,0
116.01833166735457,1.8548868750093428,0.0129156396826558,0
68.46143480085999,422.53881363893726,0.007319729852497837,0
23.005331678901857,77.42035170078832,0.01541171693773198,0
29.93942131801715,102.07213775686303,0.024499020990495047,0
64.94763094217711,127.63225854601279,0.05929463194364692,0
79.23511337678036,442.3110284224213,0.06124252490967344,1
52.41604380728023,103.22570562315735,0.023260187745708427,0
117.2219400351992,398.76318043397,0.04892254993109375,1
112.65324732845977,404.02467016145226,0.048206185276773485,1
139.08177110596768,463.51028439319794,0.0453110766285225,1
4.342882354044081,57.78065680015698,0.08035452949126581,0
134.3536936815305,108.63948616891567,0.04716930698756319,0
58.88531826932265,371.4491460403607,0.0758365495956166,0
131.75587430699912,98.00037714036952,0.016648113180479807,0
103.61771642347944,143.16477343672452,0.05319673440731681,0
148.10231356109523,83.37079005568133,0.08241047760631956,0
113.89236775750021,86.34834307752465,0.017771658391625766,0
54.68169389951799,240.77667731410284,0.046492216869766234,0
75.15947592521282,54.84153105647926,0.06090793160357168,0
56.45837327915268,160.84880923181112,0.018477457483728733,0
54.73677540318572,213.2969547994395,0.07567656059114031,0
39.135674907158965,12.274058261988795,0.007899624779631742,0
74.39554430602044,194.1665832372263,0.09464155089077188,0
102.26099176040418,47.061218042758476,0.04682214942181358,0
41.60104069578653,246.78926557308833,0.03361230863654765,0
78.656971661583,412.8690942785482,0.011680700716264036,1
17.607044125583577,409.21108109089363,0.043259664306786474,0
23.976793028128697,40.224257768700255,0.06598040293907718,0
7.020953206828312,300.6138788372601,0.00944872791423841,0
145.60971641559493,417.29319098561825,0.03062690951677486,1
0.5790527265391643,118.98627146731766,0.08360175827727112,0
26.786995208648445,380.9632557247996,0.06461810255983273,0
91.93001296754885,445.38217322504664,0.020637301185762392,1
12.205439827995795,403.0620757202221,0.01609097957930892,0
132.28447546452486,53.65051575775226,0.09044850262009,0
107.94302367634323,4.52999976119245,0.028702022134098438,0
144.95849571568402,95.86205496092282,0.01795001688986303,0
76.14533208611473,135.23867047331163,0.09999640185426024,0
45.06055247377308,308.09149530797976,0.03091918277779059,0
82.42508591929071,192.1365876211592,0.01247401878093637,0
139.62280759469598,351.70351533073676,0.046175762975294715,1
78.11421558627907,176.5374802608043,0.043434511019848215,0
40.081054779347795,77.21271232730015,0.09268024758303312,0
131.60981837611794,156.34492174301755,0.013420494747630475,0
55.7878122768692,442.1621131945675,0.009113640612930685,0
0.2075024998498709,479.2661721225324,0.009297867090668011,0
37.15275337384739,103.75636703368424,0.09042874658222365,0
47.73502637655936,394.23419351222066,0.044936917796107714,0
128.81662023478532,136.67436826993534,0.015060652815522569,0
68.77547505996675,443.56577171570376,0.05938300983792906,0
66.68809317169512,82.77280639812773,0.05376233556508321,0
50.41533995998311,332.97995934702845,0.019840674774889933,0
132.10171845706193,42.10563235659126,0.0603038139426371,0
141.75401654105872,486.94666198693477,0.03402312343169456,1
148.7835493731944,350.31667232027144,0.023837076773086996,1
56.511190044148016,420.9078697025426,0.05104006108990281,0
144.9221168440757,283.33466968151725,0.02916492615163876,1
118.7819354446352,238.4006819644301,0.022213992176121324,0
101.35337214664003,310.94119569718254,0.08797224082996742,1
36.733421913014915,264.37075584972405,0.015576257657341731,0
32.46858914163147,234.6921775725765,0.028058997728483248,0
24.90717367818685,379.7251257288214,0.03861383798498257,0
138.4134915338048,89.10047746963407,0.027363831030002284,0
44.11149935747491,85.58602407757925,0.021071064257776963,0
67.96413681733176,215.9213253248531,0.0771146097054588,0
74.09367509808352,160.373958022473,0.032901615872358146,0
116.72573931753813,37.06225895651205,0.011251295769933846,0
126.63524423295362,422.2352462093672,0.05408951624566958,1
20.860905172291922,385.80140334717487,0.012548849723641032,0
64.03565403166105,271.96074990149236,0.035751960744092794,0
126.42823317531857,489.66226863218446,0.08818267622722839,1
122.70499586337577,36.300033273802654,0.03691611951062197,0
15.36206376786246,383.3346505139375,0.063250897428825,0
23.45750233019445,133.1851958045484,0.05146255360086313,0
45.629803739911175,184.2994599717877,0.013772484577797561,0
11.30386036250105,109.63969260153378,0.06490695977908352,0
63.69945042608893,394.5189457309326,0.08560349969338063,0
16.142655772437287,72.120051010783,0.009321247404534405,0
85.23263905047675,420.008348867639,0.07536800891297916,1
36.98354097167342,330.78882411491696,0.06902112815189781,0
89.4649598024434,29.511622634557366,0.0866660574997146,0
17.628846435545647,405.49086580007673,0.010409193213346702,0
146.38258026278,313.8778580814897,0.03056953793966788,1
139.88418057860108,452.49115978917075,0.06942914872263742,1
58.76954078469987,374.3611532043191,0.002201797888665025,0
36.326789118912814,280.5604637148874,0.07340756777304887,0
37.559731928035916,418.2735903095989,0.0857978579001121,0
72.5090302803588,139.02511915061106,0.04533040523767576,0
5.998920285107545,273.4750309222818,0.04343299034266521,0
95.95576591126905,146.80840990170506,0.027846896206936603,0
61.245436250961724,484.10219554525435,0.0005051870005087334,0
56.6109858883331,113.09815042100318,0.018630351666635604,0
121.40474572337976,7.869119835231253,0.09798641184223712,0
106.3553190274935,162.9274210018981,0.08672860771213567,0
143.15007230890382,251.25469848490235,0.02665046387489214,1
52.79043607435361,14.181467115037538,0.09637488571210465,0
134.63141469741083,279.62415001695365,0.036771261595328585,1
115.49507793751333,437.1413874756151,0.02975853747511801,1
53.613697739206955,352.3660972083351,0.015280763544988519,0
93.24981546798867,311.48416148915214,0.09016110695106741,1
43.285493647754336,477.98087535412566,0.09869924910668593,0
131.15998756122636,479.13966692105294,0.032741140405268244,1
16.86409758184669,412.1332348516143,0.0703430423358427,0
31.865154194106154,303.8709236929255,0.03353034098095547,0
27.45499381198817,243.88227974885334,0.010499073930545522,0
60.453900360643296,6.658056623233655,0.0392692306882324,0
111.78494400481937,303.1309531132707,0.055156996076117605,1
79.03611735782705,494.5440376784269,0.012301675917649425,1
73.15144853073113,409.0505250120145,0.08182727747897611,0
0.08189473454934815,170.30232194217598,0.04973631168932895,0
63.81025880325821,76.023512522211,0.0234382952504573,0
9.533066225423765,392.029307233577,0.05927595785429434,0
31.237987818222575,371.96891031587074,0.07932593060544021,0
139.85909084407416,483.52339598966154,0.032762434905197584,1
32.30973065148573,437.4211809696694,0.07014763244005943,0
128.75064579513938,277.8313126362037,0.04278591799806874,1
120.43400573420013,50.64212348237107,0.0964051168845601,0
23.871935541336427,241.75032919198003,0.07709400866027316,0
90.85679359054183,156.84752701115852,0.035635090252202094,0
17.349280785751997,256.2042410124199,0.0017747959061762077,0
109.18322375542672,150.8507873198266,0.0657519895380428,0
95.619341605831,430.9114959877979,0.01978721585848523,1
121.7907842536529,422.1635069914111,0.012187917564913275,1
71.90768240837821,157.73257858352795,0.09317764513967938,0
137.22946317500742,299.7906731869975,0.09999489702149168,1
7.402342018265956,215.09042881952706,0.026988882056438512,0
43.933284754052195,454.54637851428157,0.0301768552165938,0
107.25788961977506,93.68045071316139,0.01649889392381687,0
62.71638176220013,348.8642008924797,0.045768477592962375,0
25.942703140673455,485.1876639186083,0.08658437598357477,0
16.081611814281903,87.63775978154509,0.07015059521248777,0
122.60086671924321,100.9832142121016,0.08463315580765877,0
70.97144676984664,346.86166933611395,0.02284816556735805,0
132.34255078786612,389.57696226245696,0.07304560674084802,1
109.99337014750891,245.27452739696636,0.09185266283960603,0
61.45893084461154,304.84323257356067,0.02814161142143904,0
56.02665212335255,106.34120440591438,0.06906535435911852,0
77.34575199768776,238.30711428366303,0.04006574116898545,0
133.3589929784593,56.035940437457576,0.029022664515892263,0
110.59178695712518,160.71096263783235,0.09696234687543495,0
0.7729446403534845,142.38985251547714,0.034863322996829274,0
104.12367770536883,222.31268005121,0.010784968126068729,0
137.9261110358731,465.06318112184846,0.03885892096203356,1
106.56836392567374,90.6338310739212,0.04476782909599824,0
26.550867235124386,200.69412331236026,0.0752210825499238,0
72.52771911411881,307.79860955482235,0.09499142669470029,0
21.04740268851291,473.2785430370008,0.08170569837942127,0
53.84929175094481,66.57409576788409,0.09309413112551061,0
140.56755629107766,458.9383084965568,0.04750601299749311,1
138.49579613380624,40.526894317030774,0.07193165682364343,0
42.425527826412434,240.37069858013223,0.030904958501240243,0
50.94465662492988,227.29493361524138,0.0069587108519017955,0
90.03193021969409,104.80136443859777,0.03654735253259935,0
144.479594289057,173.72983405792374,0.06979152283282977,0
22.17020010980856,227.08263417419906,0.027462211024804374,0
38.537496553000366,432.60573145531464,0.0861405895641521,0
131.0335240936157,477.5320726867799,0.0790772849982902,1
73.78383475625168,259.4628393185826,0.019404254918460297,0
134.84416383405474,435.0498951472109,0.03308367624908067,1
27.82768462847644,304.0857928383897,0.08253026175490918,0
79.9002881207041,174.5436709938377,0.024393778951129944,0
48.940444897405854,97.09710380673454,0.033160214566713066,0
47.4813839838714,206.5673858913824,0.03430669324230867,0
67.03154459192987,261.41214146192385,0.08010420278257668,0
64.96161736519026,22.22169412977809,0.0037030265605016766,0
53.602031951693164,72.92058293542536,0.00737869831214143,0
137.2456155473428,300.09221199072,0.05784515481629376,1
109.76162781493392,112.50079733858104,0.039711199099606666,0
109.13204869972945,418.6631880406487,0.06328853196107076,1
43.487017438793316,163.4711248870953,0.02664612761793829,0
86.65641364752605,52.41710362662544,0.09095826774815607,0
116.8769149952751,41.76529427765851,0.07609418871744561,0
119.33855528148196,468.5615102658898,0.006774622055039603,1
51.67956911314684,59.010155620939585,0.07839054772850342,0
115.63091348529717,70.45488208103001,0.09695823723122514,0
110.38408452115995,431.3330289663765,0.0942435620587473,1
21.22597284328504,127.14406513867199,0.07354837980254478,0
129.8918202849716,332.97570537720804,0.01235937534812156,1
66.19822052706162,408.36284351494567,0.05760767658404541,0
72.96156733329983,303.5903200650961,0.02842327288404888,0
67.2553768346996,478.74427172392467,0.09702129436362472,0
85.17690022162613,354.44144963042066,0.07174857253616095,1
93.1753871050582,56.37575495182917,0.061076558978741924,0
74.72693486444152,279.20501327293994,0.06950880426047262,0
130.01828148886435,359.09326304459194,0.04379791291096805,1
94.16021342929267,400.9786201867226,0.03727367514376067,1
60.21419239582799,13.160667642045764,0.09357995794399643,0
62.50376353630664,359.43945763571224,0.033192713479268665,0
121.62579226934271,412.84041050972473,0.0041436131732719315,1
52.228791411978015,373.41690546767825,0.04008401541544574,0
31.718219367362032,256.17457282779907,0.07903403526216723,0
8.907478200868384,229.01048154440144,0.06484683580489195,0
131.40402718808613,274.7092916499079,0.09621707754778747,1
137.7819676785525,352.32184941330104,0.010620186761913765,1
18.018027324521395,461.4571453162427,0.09115463022293835,0
50.17106122441723,308.5176053205625,0.036884919391406215,0
26.30581042728658,443.9171531417348,0.04740025854219124,0
17.38477032388196,350.62842372286366,0.04284821544892345,0
134.98001145000453,34.16818871942379,0.011645228109244144,0
8.531588871803319,250.4140950008109,0.024779645572518872,0
147.072849520351,143.24317415762116,0.0742271569229792,0
14.467629104607626,142.58746406628615,0.00230075418456952,0
129.52059737903787,177.9637756079921,0.013388777438627453,0
84.9759160483744,157.3663860002379,0.0025210168791350075,0
55.18762317268101,289.3049900585501,0.08573880573235493,0
51.35135649377368,341.80075017677854,0.06173248277817797,0
113.60462148565631,134.37469353836772,0.016992866211855886,0
47.185994250643084,64.88131128419067,0.07687722230537536,0
98.59783749257127,29.40436046723105,0.09668005974515538,0
77.59891252741201,287.87642251527615,0.09345603745300182,1
72.74484677371058,93.0650831665012,0.09215475478121654,0
135.17432559737424,4.623997111849687,0.0007810215405743226,0
83.19675879303894,463.87653966185206,0.058901348898527855,1
124.02924045730424,268.57020954162033,0.025663261663902925,1
108.83603011522341,46.224090123486384,0.05646472143098588,0
5.7835869088497525,421.4605560637427,0.031803028916055465,0
115.96650787581288,491.60136914505904,0.015366654277261261,1
32.5305375136561,224.3003310088586,0.04444937233583467,0
135.47244702773574,21.244804119079085,0.04950963271763734,0
6.438628591324802,58.77297037803175,0.09897655068476247,0
49.96080517114782,190.8268733227161,0.004238788413854011,0
14.959942085213102,442.7613187244385,0.03011551988972766,0
71.33836756272656,74.01933963888102,0.08518938450883227,0
123.00336538046277,411.99504700134776,0.06596954981260428,1
44.728103949459616,7.488130109509717,0.08266830318458959,0
22.64023459665624,228.6943493929055,0.06602909185597779,0
49.54005535453488,322.19857047528404,0.0759536309146133,0
122.08202128809539,30.189741012798198,0.04929217499970573,0
21.05759366990203,307.3813753082433,0.02048776928975975,0
34.10436736162527,472.20206073477806,0.08100038608372,0
10.32779467400609,80.12996006829754,0.056782065466396914,0
105.85650659844116,364.8056915176764,0.013950519378682968,1
59.284986530450524,304.5469489717717,0.08048940268708661,0
46.6259965714974,92.55819443961528,0.09585859103625782,0
107.79395855117279,3.1017073546830143,0.03461638726284658,0
50.39663135103829,4.642225252963539,0.02935122520864435,0
109.1656909821627,266.0462045860143,0.008177517820756609,1
122.27990929714703,471.3897047805968,0.06644912264494156,1
32.64942651866077,322.1493137328062,0.09589616184964968,0
146.0728045268975,357.14992314687186,0.013599268999160764,1
24.353692186900016,246.93274346026857,0.04851596313193155,0
43.62613599851139,290.9444713172849,0.009823818465324785,0
26.96929362503124,63.183762665301735,0.0034109903709815814,0
51.82584845345017,438.4103102003154,0.06645010506676455,0
72.00913317311334,380.39631433340094,0.0867687175343498,0
78.32638035031786,499.0994764223048,0.03375705361260297,1
128.0409063444408,148.86147377781066,0.08757651744100993,0
133.41718632238,113.50888589802894,0.011705309915103192,0
33.01557911713596,62.58082898067146,0.02379606819174762,0
93.43410482786287,482.1048783080224,0.09016067269067185,1
16.72440859480734,390.4425923140118,0.050850989369067026,0
68.84547902731025,83.16230685981935,0.06081923837970241,0
48.35003070699272,276.34323555410697,0.0038018232542507916,0
47.47511181804096,206.88410403363838,0.012838991014788893,0
72.38763625681516,75.74300390309641,0.005579081250085317,0
109.47414532939013,81.03649251498274,0.09050007399496693,0
10.377398818858424,481.73499737259283,0.013479496387094704,0
131.87600065311068,152.4820914788611,0.08496728266087546,0
110.22206619458416,470.7196458419716,0.035103469937245314,1
26.47490833335902,37.8053365325422,0.08005974963657801,0
140.87413636310555,230.4015211465953,0.03650435474567474,0
75.9468336035083,64.80952425838005,0.026768403969287646,0
149.97128671754479,2.3936926205860853,0.009366070118905723,0
29.588921145110646,276.8830368530383,0.028070659057413374,0
80.2362297574802,56.94705240568171,0.047147971671727996,0
43.537206383989265,361.01226546683984,0.08175087988967955,0
45.62603360838698,349.0581878534498,0.04525149547686979,0
88.65980712509852,88.16645373224458,0.09714355749376175,0
138.25786003062498,470.87107163275834,0.0541633010854823,1
120.78957833687625,360.5217042162448,0.002494562981144344,1
108.59120977519888,148.98513207846497,0.04153673001912725,0
83.87606731525533,354.6168819753953,0.06888991073865137,1
138.34477555011716,365.96513884076796,0.02342916462498248,1
73.85421100363261,171.1131656254803,0.06986299508481587,0
131.07482675020773,187.7942812307296,0.05036973051815163,0
125.09724658149476,179.55325382665006,0.00257377755831153,0
32.075302020237984,308.309221776037,0.07743529494802058,0
115.68381944488654,450.20507327008966,0.05603737038140752,1
1.8256735414888148,86.5966181142938,0.008249350308109337,0
48.42443063221313,437.5998049181592,0.0475214033462273,0
34.43511670379247,13.82657825267125,0.028729288177474666,0
76.02944377309701,330.1692979891112,0.08796815425879331,1
110.52797425211783,207.21943659484708,0.028492705280724874,0
14.65145511715862,395.64077611624685,0.0941687070974199,0
77.23833029051526,360.5990564654515,0.054613274934711256,1
140.76180325415785,240.053903572592,0.03236137095467213,0
34.29698264744182,321.9320183612984,0.08135450174175773,0
101.57117161671361,250.8865653499726,0.06974003783657659,1
